firstname,lastname,contact,department,position,location,status,organization,company
Nikita,Mehta,7078161106,IT,,GJ,not_started,PeopleInc,Infosys
Amit,Jain,6353895533,Support,Lead,MH,active,SellWell,Hira Group
Ravi,Sharma,7196540861,DevOps,Analyst,CG,not_started,GrowMore,Capgemini
Kiran,Verma,6999520180,Support,Analyst,,not_started,PeopleInc,Infosys
Dinesh,Kumar,6572317932,Engineering,,OR,terminated,TechCorp,DGTC
Pooja,Singh,6681144058,IT,Executive,OR,not_started,GrowMore,MahindraTech
Nikita,Reddy,6614138548,IT,,KA,not_started,SellWell,Hira Group
Neha,Verma,7527575773,Engineering,Executive,DL,terminated,GrowMore,MahindraTech
Kiran,Singh,7413192337,HR,Lead,KA,terminated,GrowMore,Capgemini
Anjali,Reddy,8322714321,Engineering,Analyst,MH,active,GrowMore,Capgemini
Ravi,Chopra,7281789480,,Executive,OR,not_started,TechCorp,TCS
Manish,Verma,7563801497,IT,Lead,OR,terminated,GrowMore,MahindraTech
Kiran,Mishra,7252456202,HR,Engineer,OR,not_started,PeopleInc,CodeNicely
Raj,Mehta,8519733570,,Engineer,,terminated,BrightFuture,Zensar
Ravi,Mehta,8525764174,Engineering,Executive,,terminated,TechCorp,TCS
Neha,Mehta,7007205417,IT,Engineer,CG,not_started,TechCorp,TCS
Pooja,Reddy,6106530188,Finance,Executive,,active,PeopleInc,Infosys
Nikita,Mehta,6282631908,Support,Lead,OR,terminated,TechCorp,TCS
Amit,Verma,9609130019,Finance,,KA,not_started,PeopleInc,CodeNicely
Suresh,Kumar,9328708017,Finance,Lead,,terminated,PeopleInc,CodeNicely
Preeti,Singh,8060447699,Engineering,,GJ,active,TechCorp,TCS
Raj,Reddy,9893788316,IT,,DL,not_started,SellWell,Wipro
Preeti,Yadav,8022370115,Engineering,Lead,MH,active,SellWell,Hira Group
Kiran,Verma,,Sales,Manager,MH,terminated,BrightFuture,Zensar
Amit,Chopra,7695505778,DevOps,Lead,,not_started,SellWell,Hira Group
Ravi,Chopra,9909364536,Finance,Executive,,not_started,SellWell,Hira Group
Nikita,Yadav,6253198414,,Executive,OR,terminated,SellWell,Wipro
Amit,Verma,6297004121,,Engineer,CG,terminated,TechCorp,DGTC
Manish,Mishra,,HR,Engineer,GJ,terminated,GrowMore,MahindraTech
Pooja,Kumar,7862317483,HR,Lead,KA,not_started,TechCorp,TCS
Neha,Mishra,8213029512,Support,Manager,KA,terminated,TechCorp,TCS
Preeti,Reddy,6335311125,IT,Analyst,DL,active,PeopleInc,Infosys
Anjali,Jain,7053820784,DevOps,Executive,OR,active,SellWell,Hira Group
Anjali,Verma,8160456443,DevOps,Executive,CG,terminated,PeopleInc,CodeNicely
Anjali,Yadav,6021929490,,Lead,MH,not_started,GrowMore,Capgemini
Preeti,Singh,9920270927,Engineering,Lead,,active,BrightFuture,LTI
Ravi,Mehta,8497694175,Support,Engineer,DL,terminated,SellWell,Wipro
Ravi,Reddy,9497006620,Sales,Manager,DL,not_started,BrightFuture,LTI
Preeti,Yadav,9534603977,DevOps,Lead,CG,active,BrightFuture,LTI
Suresh,Jain,,Finance,Executive,OR,terminated,GrowMore,MahindraTech
Kiran,Verma,6666055835,Finance,Analyst,CG,active,PeopleInc,CodeNicely
Kiran,Chopra,6770536106,Finance,Engineer,KA,terminated,PeopleInc,CodeNicely
Manish,Mehta,7919264716,Support,Executive,CG,terminated,TechCorp,TCS
Manish,Jain,7340900080,,Analyst,MH,terminated,PeopleInc,CodeNicely
Dinesh,Singh,9414703759,DevOps,Analyst,DL,not_started,SellWell,Hira Group
Suresh,Sharma,8974166449,DevOps,,DL,not_started,SellWell,Wipro
Anjali,Sharma,9226220598,Sales,Lead,GJ,active,TechCorp,DGTC
Preeti,Chopra,6509388726,DevOps,,MH,not_started,SellWell,Hira Group
Preeti,Kumar,7703995141,IT,Lead,MH,terminated,SellWell,Wipro
Ravi,Sharma,9069100503,Sales,Analyst,GJ,not_started,PeopleInc,CodeNicely
Manish,Yadav,8541134229,,Executive,KA,active,PeopleInc,Infosys
Anjali,Verma,9427249527,IT,,OR,not_started,BrightFuture,LTI
Preeti,Mishra,8933648102,,Lead,CG,terminated,SellWell,Wipro
Manish,Mishra,9514590533,Engineering,Executive,DL,terminated,TechCorp,TCS
Nikita,Mehta,6629511154,Sales,Executive,DL,terminated,SellWell,Wipro
Raj,Sharma,9486416297,Support,Lead,DL,terminated,BrightFuture,Zensar
Suresh,Jain,6469809604,HR,Lead,,not_started,TechCorp,DGTC
Anjali,Reddy,,HR,Executive,MH,terminated,SellWell,Wipro
Dinesh,Sharma,6049766154,IT,Manager,CG,active,GrowMore,Capgemini
Preeti,Chopra,9776741258,Support,Engineer,CG,active,GrowMore,Capgemini
Suresh,Singh,7003887112,DevOps,Engineer,MH,not_started,BrightFuture,Zensar
Raj,Verma,7971507402,IT,Engineer,MH,terminated,BrightFuture,Zensar
Neha,Singh,9441701761,IT,Manager,DL,terminated,TechCorp,DGTC
Pooja,Mishra,9964026761,IT,,MH,terminated,TechCorp,TCS
Ravi,Singh,7221644084,,Engineer,CG,active,BrightFuture,LTI
Suresh,Sharma,6553681205,DevOps,Manager,CG,not_started,PeopleInc,CodeNicely
Nikita,Singh,7398882774,Engineering,Analyst,GJ,not_started,PeopleInc,CodeNicely
Raj,Reddy,7112242193,IT,Engineer,DL,terminated,BrightFuture,Zensar
Manish,Mishra,6604175969,Finance,,,active,BrightFuture,LTI
Neha,Mehta,9514696794,Support,Analyst,GJ,active,GrowMore,Capgemini
Suresh,Singh,9279729652,Finance,Analyst,GJ,terminated,PeopleInc,Infosys
Amit,Verma,9648696458,Finance,Engineer,CG,not_started,PeopleInc,Infosys
Neha,Kumar,9134346558,Sales,Engineer,KA,not_started,GrowMore,MahindraTech
Anjali,Verma,9460126041,Engineering,Engineer,GJ,terminated,GrowMore,Capgemini
Dinesh,Verma,9658118881,Support,Engineer,OR,active,TechCorp,DGTC
Anjali,Yadav,9257608066,Finance,Analyst,,not_started,PeopleInc,Infosys
Anjali,Singh,7343092638,Finance,Manager,MH,terminated,TechCorp,DGTC
Kiran,Reddy,9531860865,IT,Engineer,OR,terminated,PeopleInc,Infosys
Nikita,Kumar,6028372825,Sales,Analyst,MH,terminated,SellWell,Hira Group
Pooja,Verma,8376261975,,Executive,CG,terminated,PeopleInc,Infosys
Ravi,Sharma,8381014963,IT,Executive,OR,terminated,TechCorp,TCS
Neha,Sharma,8495118087,Finance,Executive,DL,active,SellWell,Wipro
Pooja,Chopra,8646035161,DevOps,Manager,GJ,active,PeopleInc,CodeNicely
Preeti,Reddy,9941087798,Sales,Lead,MH,terminated,TechCorp,TCS
Preeti,Reddy,8376496712,IT,Analyst,KA,terminated,SellWell,Wipro
Ravi,Jain,,Engineering,Analyst,,terminated,GrowMore,MahindraTech
Ravi,Mishra,6926848978,Finance,,DL,active,PeopleInc,Infosys
Neha,Verma,6737105044,Sales,Analyst,OR,terminated,TechCorp,TCS
Pooja,Yadav,8627437154,IT,Analyst,GJ,not_started,SellWell,Hira Group
Nikita,Jain,7354536121,IT,Lead,DL,active,TechCorp,DGTC
Pooja,Jain,9491109311,Finance,Lead,,terminated,PeopleInc,CodeNicely
Suresh,Mishra,6352767333,Engineering,Engineer,MH,terminated,GrowMore,Capgemini
Raj,Mishra,6529139453,Engineering,Analyst,CG,terminated,SellWell,Wipro
Kiran,Verma,8679986416,Support,,OR,terminated,TechCorp,TCS
Nikita,Chopra,6688113429,HR,Manager,GJ,not_started,BrightFuture,LTI
Ravi,Mishra,9350074777,HR,Analyst,DL,terminated,SellWell,Hira Group
Suresh,Mehta,8904971951,DevOps,Lead,GJ,terminated,SellWell,Wipro
Kiran,Sharma,8354479663,,Manager,OR,active,BrightFuture,Zensar
Ravi,Sharma,6716704349,HR,Manager,GJ,not_started,SellWell,Wipro
Dinesh,Singh,8095466253,Finance,Analyst,GJ,terminated,TechCorp,TCS
Suresh,Jain,6173389035,DevOps,Analyst,KA,terminated,TechCorp,DGTC
Preeti,Reddy,8914124488,IT,Executive,DL,terminated,TechCorp,TCS
Nikita,Mishra,8094011742,Engineering,Engineer,DL,terminated,SellWell,Hira Group
Anjali,Verma,7544806124,Engineering,Lead,DL,terminated,GrowMore,Capgemini
Kiran,Jain,6955699556,Engineering,Analyst,KA,terminated,PeopleInc,CodeNicely
Neha,Kumar,9603835370,Sales,Manager,GJ,terminated,TechCorp,DGTC
Nikita,Mehta,6801438648,DevOps,Lead,DL,terminated,PeopleInc,CodeNicely
Suresh,Chopra,8775569952,DevOps,Engineer,OR,terminated,SellWell,Hira Group
Dinesh,Reddy,9737085787,Engineering,Engineer,MH,not_started,PeopleInc,Infosys
Ravi,Chopra,9546381940,HR,Executive,MH,not_started,GrowMore,Capgemini
Suresh,Chopra,8529745417,HR,Analyst,OR,not_started,GrowMore,Capgemini
Anjali,Mishra,6983771899,IT,Manager,DL,active,BrightFuture,LTI
Preeti,Sharma,7554541668,Engineering,Analyst,CG,active,TechCorp,DGTC
Amit,Kumar,,IT,Executive,DL,active,BrightFuture,Zensar
Pooja,Yadav,8163664446,Engineering,Lead,MH,terminated,BrightFuture,LTI
Manish,Sharma,7948380583,Support,Lead,,active,TechCorp,TCS
Raj,Jain,6956895730,Finance,Executive,DL,not_started,BrightFuture,Zensar
Raj,Kumar,9140977484,Sales,Lead,KA,not_started,GrowMore,MahindraTech
Preeti,Reddy,7107165433,Support,Analyst,MH,active,SellWell,Wipro
Dinesh,Mishra,9905392909,Finance,Engineer,MH,active,BrightFuture,Zensar
Amit,Mehta,8207482001,Sales,,MH,active,GrowMore,Capgemini
Kiran,Reddy,7125332069,,Manager,DL,not_started,TechCorp,TCS
Manish,Verma,7783874411,Finance,Lead,KA,terminated,GrowMore,MahindraTech
Manish,Kumar,7526614939,Engineering,Executive,MH,terminated,TechCorp,DGTC
Manish,Sharma,6003341142,Finance,Manager,GJ,terminated,GrowMore,MahindraTech
Pooja,Kumar,7163649527,Finance,Manager,OR,not_started,SellWell,Wipro
Pooja,Singh,7639654330,Sales,Lead,,not_started,PeopleInc,CodeNicely
Amit,Singh,9826711342,HR,Engineer,DL,terminated,SellWell,Hira Group
Nikita,Reddy,6065778476,IT,,KA,active,TechCorp,DGTC
Kiran,Mehta,,Engineering,Analyst,CG,not_started,GrowMore,MahindraTech
Preeti,Singh,9992162351,Sales,Engineer,DL,active,PeopleInc,Infosys
Dinesh,Yadav,9255239600,HR,Lead,CG,active,BrightFuture,Zensar
Amit,Kumar,8394869800,Engineering,Analyst,DL,not_started,PeopleInc,CodeNicely
Ravi,Mishra,8579996126,Engineering,Engineer,MH,not_started,SellWell,Wipro
Ravi,Kumar,8737082545,Engineering,Manager,KA,not_started,SellWell,Hira Group
Pooja,Mishra,6600466287,IT,Lead,OR,terminated,TechCorp,TCS
Manish,Mehta,7353148888,DevOps,Lead,KA,active,TechCorp,DGTC
Kiran,Singh,9478333960,Engineering,Analyst,CG,terminated,PeopleInc,CodeNicely
Anjali,Mehta,8201065490,,Analyst,,active,SellWell,Hira Group
Amit,Jain,6239331859,Finance,,MH,terminated,PeopleInc,Infosys
Amit,Chopra,9680187252,HR,Manager,DL,terminated,TechCorp,DGTC
Raj,Verma,9486354589,HR,Lead,MH,not_started,TechCorp,TCS
Kiran,Yadav,6089528073,Sales,,OR,not_started,GrowMore,Capgemini
Neha,Jain,6015501025,,Analyst,,active,SellWell,Hira Group
Kiran,Mehta,8568433886,IT,,CG,active,SellWell,Hira Group
Ravi,Mehta,8980606989,DevOps,Manager,KA,active,GrowMore,MahindraTech
Preeti,Chopra,,DevOps,,,terminated,PeopleInc,CodeNicely
Anjali,Chopra,7339323197,Support,Manager,OR,active,BrightFuture,Zensar
Suresh,Sharma,7028589371,HR,Manager,OR,active,GrowMore,MahindraTech
Pooja,Mishra,,IT,,GJ,not_started,GrowMore,Capgemini
Manish,Reddy,8499318829,IT,,DL,active,BrightFuture,Zensar
Suresh,Mehta,7453768872,HR,Executive,OR,terminated,GrowMore,MahindraTech
Amit,Kumar,6197444246,Engineering,Manager,MH,not_started,TechCorp,TCS
Suresh,Singh,6239771000,IT,Lead,MH,active,PeopleInc,Infosys
Suresh,Yadav,6167947434,Finance,Lead,,not_started,PeopleInc,CodeNicely
Amit,Mehta,8347024394,HR,Manager,GJ,terminated,GrowMore,Capgemini
Dinesh,Jain,8549855270,IT,Engineer,MH,terminated,PeopleInc,CodeNicely
Dinesh,Reddy,9192392510,DevOps,Engineer,DL,terminated,TechCorp,DGTC
Manish,Mishra,7487584415,Finance,Engineer,GJ,active,SellWell,Wipro
Preeti,Mehta,7875802225,Finance,Analyst,GJ,active,GrowMore,Capgemini
Kiran,Jain,9246867847,Sales,Executive,CG,active,PeopleInc,Infosys
Suresh,Sharma,7883745140,Sales,Executive,CG,not_started,TechCorp,TCS
Neha,Singh,6592137032,IT,Executive,CG,terminated,BrightFuture,LTI
Preeti,Mishra,9311951349,,Lead,KA,active,SellWell,Wipro
Neha,Singh,8857741811,DevOps,Manager,MH,not_started,TechCorp,DGTC
Ravi,Chopra,7067988200,IT,,KA,terminated,BrightFuture,LTI
Dinesh,Mishra,7906247218,Finance,Executive,KA,terminated,SellWell,Wipro
Preeti,Singh,7033401119,DevOps,Manager,KA,active,GrowMore,Capgemini
Neha,Sharma,9677989383,HR,Engineer,,active,GrowMore,Capgemini
Raj,Yadav,8551798745,Support,Analyst,GJ,not_started,BrightFuture,LTI
Preeti,Yadav,6484553775,Sales,,,terminated,BrightFuture,LTI
Anjali,Yadav,6071996915,HR,Executive,,terminated,TechCorp,TCS
Anjali,Mehta,7142805178,Support,Analyst,,active,GrowMore,MahindraTech
Preeti,Mehta,8278475459,HR,Executive,KA,active,PeopleInc,Infosys
Dinesh,Jain,,DevOps,Executive,DL,terminated,PeopleInc,CodeNicely
Ravi,Mehta,9650080334,,Analyst,,terminated,SellWell,Wipro
Ravi,Chopra,6713008221,Support,Analyst,KA,not_started,BrightFuture,LTI
Nikita,Jain,8464903320,,Lead,,not_started,SellWell,Hira Group
Preeti,Mishra,7872718786,DevOps,Analyst,,not_started,GrowMore,Capgemini
Suresh,Singh,7554633151,,Engineer,MH,active,PeopleInc,CodeNicely
Dinesh,Sharma,9304628211,Engineering,Lead,GJ,not_started,PeopleInc,Infosys
Preeti,Verma,8902888655,Support,Lead,CG,not_started,SellWell,Hira Group
Dinesh,Chopra,9387679103,Support,Analyst,CG,not_started,GrowMore,MahindraTech
Kiran,Jain,6982422819,IT,Lead,DL,active,TechCorp,DGTC
Anjali,Chopra,7703373513,DevOps,Engineer,DL,not_started,TechCorp,TCS
Ravi,Sharma,7422895582,Support,Analyst,DL,not_started,SellWell,Hira Group
Pooja,Reddy,6538044189,,Analyst,KA,active,BrightFuture,Zensar
Anjali,Chopra,7926511081,Sales,Executive,OR,active,SellWell,Hira Group
Nikita,Verma,9288437355,HR,Engineer,GJ,terminated,GrowMore,Capgemini
Anjali,Sharma,6144314805,HR,Engineer,OR,not_started,BrightFuture,LTI
Ravi,Mehta,8870671758,HR,,OR,not_started,BrightFuture,Zensar
Manish,Jain,7427419683,IT,Executive,GJ,active,SellWell,Hira Group
Ravi,Chopra,8393362030,IT,Analyst,OR,active,PeopleInc,CodeNicely
Ravi,Yadav,8542430593,Engineering,Lead,MH,active,PeopleInc,CodeNicely
Amit,Chopra,6341054565,,,,active,TechCorp,TCS
Suresh,Reddy,9336025577,,,DL,active,BrightFuture,LTI
Raj,Sharma,9382898683,Finance,Lead,OR,active,BrightFuture,LTI
Manish,Sharma,7912109235,Finance,Engineer,,not_started,TechCorp,DGTC
Amit,Verma,7957431729,Finance,Executive,,terminated,TechCorp,TCS
Anjali,Singh,6121920055,Finance,Analyst,MH,active,PeopleInc,CodeNicely
Kiran,Mishra,9181978322,Sales,Lead,GJ,terminated,PeopleInc,CodeNicely
Amit,Yadav,8986321260,Engineering,Executive,MH,terminated,TechCorp,DGTC
Nikita,Reddy,8469395028,Finance,Analyst,KA,terminated,BrightFuture,LTI
Anjali,Jain,6272760121,Engineering,Executive,GJ,not_started,TechCorp,DGTC
Kiran,Yadav,7559806297,Engineering,Lead,KA,terminated,BrightFuture,Zensar
Manish,Chopra,8468486847,DevOps,Lead,DL,not_started,TechCorp,TCS
Dinesh,Singh,7432518511,Support,,,active,BrightFuture,LTI
Ravi,Sharma,7658819858,IT,Analyst,MH,active,BrightFuture,Zensar
Amit,Sharma,9230477714,HR,Lead,MH,active,BrightFuture,LTI
Raj,Mehta,7317377895,Engineering,Engineer,DL,not_started,SellWell,Hira Group
Anjali,Singh,8384152553,Sales,Engineer,MH,active,BrightFuture,Zensar
Preeti,Mehta,8592282142,IT,,DL,active,BrightFuture,Zensar
Nikita,Singh,7336478366,DevOps,Analyst,KA,active,TechCorp,DGTC
Kiran,Kumar,7329488235,Support,Analyst,MH,not_started,BrightFuture,LTI
Pooja,Mishra,8459215341,,Lead,OR,active,PeopleInc,Infosys
Ravi,Jain,6551130432,HR,,OR,not_started,BrightFuture,Zensar
Nikita,Mishra,9793588672,Engineering,Lead,KA,active,PeopleInc,CodeNicely
Manish,Mishra,8082580354,DevOps,Analyst,GJ,terminated,PeopleInc,CodeNicely
Preeti,Mishra,9828385878,Engineering,Lead,CG,active,TechCorp,DGTC
Ravi,Yadav,6956134055,DevOps,Analyst,OR,terminated,TechCorp,TCS
Kiran,Chopra,8719637495,Engineering,Lead,OR,not_started,SellWell,Wipro
Neha,Chopra,8601521128,,Lead,OR,not_started,BrightFuture,LTI
Pooja,Yadav,8287394975,,Engineer,OR,active,PeopleInc,Infosys
Anjali,Jain,,IT,Analyst,,not_started,TechCorp,DGTC
Manish,Mehta,9368955328,Support,Engineer,CG,terminated,SellWell,Wipro
Nikita,Verma,7439672736,,Analyst,DL,terminated,TechCorp,DGTC
Amit,Verma,9747404031,DevOps,,,terminated,GrowMore,Capgemini
Kiran,Mishra,,DevOps,Manager,KA,not_started,GrowMore,MahindraTech
Kiran,Kumar,8469767375,DevOps,Lead,KA,terminated,GrowMore,MahindraTech
Neha,Chopra,7401282697,Engineering,Manager,MH,not_started,PeopleInc,Infosys
Ravi,Mehta,8654827787,HR,Analyst,DL,active,SellWell,Wipro
Neha,Sharma,6738045549,Support,,DL,terminated,BrightFuture,Zensar
Kiran,Chopra,9708786233,Support,Lead,DL,not_started,BrightFuture,LTI
Suresh,Reddy,6598969481,Engineering,Lead,CG,active,SellWell,Wipro
Suresh,Jain,7703875473,Support,Lead,DL,terminated,TechCorp,DGTC
Neha,Yadav,6282280389,IT,Engineer,KA,terminated,TechCorp,TCS
Amit,Mishra,8101789357,HR,Lead,GJ,active,PeopleInc,Infosys
Raj,Mishra,6470085876,,Executive,KA,active,SellWell,Wipro
Amit,Verma,,DevOps,,CG,active,GrowMore,MahindraTech
Preeti,Mehta,7959184100,Sales,Executive,KA,active,BrightFuture,LTI
Pooja,Mehta,9709305268,Engineering,Engineer,DL,terminated,BrightFuture,Zensar
Raj,Sharma,7385027616,Finance,Lead,MH,terminated,GrowMore,Capgemini
Manish,Sharma,9624292502,Engineering,Analyst,DL,not_started,PeopleInc,Infosys
Ravi,Kumar,9216146288,Engineering,Executive,KA,terminated,PeopleInc,CodeNicely
Amit,Chopra,7639994629,HR,Lead,DL,active,BrightFuture,LTI
Anjali,Yadav,6086946450,IT,Analyst,MH,terminated,SellWell,Wipro
Ravi,Sharma,9847428018,IT,Executive,CG,not_started,PeopleInc,CodeNicely
Anjali,Jain,8564104226,,Executive,OR,not_started,TechCorp,TCS
Suresh,Verma,6567094515,,Engineer,OR,terminated,SellWell,Wipro
Ravi,Singh,8358819703,,,,not_started,BrightFuture,Zensar
Pooja,Kumar,9050073038,Finance,Engineer,MH,active,BrightFuture,Zensar
Amit,Mehta,7255163379,,Lead,CG,active,SellWell,Wipro
Manish,Jain,8316024240,Engineering,Engineer,OR,not_started,GrowMore,MahindraTech
Anjali,Yadav,7057724031,HR,Manager,,active,GrowMore,MahindraTech
Manish,Kumar,8887407025,IT,Manager,CG,not_started,PeopleInc,CodeNicely
Nikita,Singh,8694798506,DevOps,Manager,GJ,not_started,GrowMore,MahindraTech
Suresh,Yadav,6993847341,HR,Manager,CG,terminated,BrightFuture,LTI
Ravi,Sharma,9545409341,,Analyst,DL,terminated,TechCorp,DGTC
Pooja,Jain,8665690491,,,CG,active,PeopleInc,Infosys
Pooja,Verma,7239844383,Engineering,,GJ,not_started,PeopleInc,Infosys
Anjali,Singh,7855389304,Support,Lead,OR,terminated,SellWell,Hira Group
Kiran,Chopra,7164303028,IT,Executive,CG,not_started,BrightFuture,Zensar
Kiran,Mehta,7729245783,Finance,Manager,CG,terminated,SellWell,Wipro
Nikita,Jain,8897578197,,Engineer,DL,active,PeopleInc,Infosys
Amit,Yadav,6983359107,,Analyst,OR,terminated,TechCorp,TCS
Preeti,Verma,7728374593,IT,Lead,KA,terminated,BrightFuture,Zensar
Preeti,Reddy,6635519549,Engineering,Analyst,CG,not_started,TechCorp,DGTC
Ravi,Mishra,7965131801,DevOps,Lead,,not_started,PeopleInc,CodeNicely
Ravi,Singh,6868177435,IT,Analyst,OR,active,GrowMore,MahindraTech
Preeti,Jain,8793210764,Finance,Manager,,active,SellWell,Hira Group
Suresh,Kumar,6586380593,Support,Analyst,,not_started,TechCorp,DGTC
Suresh,Mishra,,HR,Engineer,,active,GrowMore,MahindraTech
Neha,Singh,8366184470,DevOps,Manager,DL,active,BrightFuture,LTI
Preeti,Kumar,8181003257,Sales,,,not_started,PeopleInc,Infosys
Raj,Reddy,9842902058,IT,Analyst,,terminated,GrowMore,Capgemini
Kiran,Mishra,9150602781,IT,,OR,active,TechCorp,DGTC
Dinesh,Mehta,6252087485,,Analyst,KA,not_started,GrowMore,Capgemini
Pooja,Mishra,8938565600,HR,,CG,terminated,TechCorp,DGTC
Pooja,Chopra,9061643318,HR,Engineer,OR,not_started,TechCorp,TCS
Dinesh,Verma,7930383763,Finance,Lead,MH,terminated,GrowMore,MahindraTech
Manish,Mehta,8559480723,HR,Manager,MH,terminated,SellWell,Wipro
Kiran,Jain,6221839993,DevOps,Manager,OR,active,TechCorp,DGTC
Anjali,Singh,,HR,Executive,GJ,active,GrowMore,MahindraTech
Pooja,Verma,9392505778,DevOps,Engineer,GJ,active,SellWell,Hira Group
Kiran,Verma,9229699948,IT,Engineer,CG,not_started,GrowMore,MahindraTech
Pooja,Singh,7735041772,HR,,CG,not_started,GrowMore,MahindraTech
Anjali,Singh,7713067165,IT,Manager,CG,not_started,TechCorp,TCS
Neha,Mishra,9161344568,HR,,,terminated,BrightFuture,LTI
Anjali,Mishra,7863917966,Sales,,KA,not_started,PeopleInc,Infosys
Pooja,Singh,9658581817,IT,Engineer,OR,active,BrightFuture,LTI
Ravi,Chopra,9349257226,HR,Lead,,terminated,GrowMore,Capgemini
Manish,Verma,6103122706,DevOps,,,not_started,TechCorp,TCS
Ravi,Kumar,7318974017,Engineering,Analyst,GJ,active,PeopleInc,Infosys
Preeti,Mehta,6240687719,Engineering,Lead,CG,active,BrightFuture,LTI
Ravi,Sharma,7328102765,,Executive,CG,terminated,PeopleInc,Infosys
Raj,Yadav,9169926992,Support,Manager,CG,active,SellWell,Hira Group
Ravi,Jain,7886853660,IT,Executive,,not_started,PeopleInc,CodeNicely
Dinesh,Mehta,6058544755,Sales,Manager,OR,terminated,TechCorp,DGTC
Neha,Mishra,9047877100,DevOps,Engineer,GJ,not_started,TechCorp,TCS
Dinesh,Mehta,9462517377,IT,Engineer,OR,terminated,PeopleInc,Infosys
Manish,Chopra,9057676511,Finance,Analyst,MH,active,PeopleInc,Infosys
Preeti,Singh,6482430939,DevOps,Manager,,terminated,PeopleInc,Infosys
Ravi,Verma,7712727586,Engineering,Analyst,MH,active,PeopleInc,CodeNicely
Suresh,Yadav,8606826910,Sales,Analyst,CG,active,GrowMore,MahindraTech
Pooja,Chopra,9787100771,DevOps,Analyst,CG,not_started,GrowMore,Capgemini
Neha,Sharma,6955289269,,,DL,active,TechCorp,DGTC
Preeti,Sharma,7604085971,,Engineer,OR,terminated,PeopleInc,Infosys
Kiran,Sharma,6949848186,Sales,Executive,,terminated,PeopleInc,CodeNicely
Anjali,Mishra,9256860435,Sales,Lead,KA,not_started,SellWell,Wipro
Preeti,Jain,8801485382,Finance,Manager,MH,not_started,TechCorp,TCS
Anjali,Singh,6895751764,,Analyst,OR,not_started,BrightFuture,Zensar
Nikita,Mehta,8567331109,Support,,,active,TechCorp,DGTC
Raj,Mehta,6193272552,Finance,Lead,GJ,active,PeopleInc,Infosys
Raj,Sharma,8680301930,,,GJ,active,BrightFuture,LTI
Ravi,Yadav,9323479745,Engineering,Lead,OR,not_started,GrowMore,Capgemini
Neha,Sharma,6924551135,Engineering,Engineer,OR,terminated,TechCorp,TCS
Suresh,Yadav,6576435597,Sales,Analyst,KA,not_started,GrowMore,Capgemini
Preeti,Jain,9715466612,Finance,Executive,MH,active,TechCorp,DGTC
Nikita,Singh,7991864076,DevOps,Executive,DL,not_started,PeopleInc,CodeNicely
Manish,Verma,7565145958,,Executive,OR,active,BrightFuture,LTI
Amit,Chopra,7626022125,Sales,,OR,terminated,GrowMore,MahindraTech
Dinesh,Chopra,9298817023,,Executive,GJ,not_started,TechCorp,DGTC
Kiran,Chopra,9059908782,Sales,Analyst,,active,BrightFuture,LTI
Pooja,Sharma,7212504807,Sales,,OR,not_started,BrightFuture,Zensar
Preeti,Verma,8630361991,DevOps,Manager,,not_started,SellWell,Wipro
Preeti,Verma,7380402534,DevOps,Manager,GJ,not_started,PeopleInc,CodeNicely
Amit,Singh,6217509405,,Engineer,,not_started,SellWell,Hira Group
Dinesh,Mehta,9481432390,Finance,Analyst,OR,active,BrightFuture,LTI
Suresh,Jain,6953433391,Support,Analyst,,active,TechCorp,TCS
Anjali,Kumar,6350125842,Sales,Executive,,not_started,BrightFuture,Zensar
Suresh,Jain,7496985154,Finance,Lead,CG,active,GrowMore,Capgemini
Dinesh,Yadav,8472778983,IT,Executive,OR,active,SellWell,Wipro
Ravi,Mehta,8018429263,Support,Engineer,,not_started,SellWell,Hira Group
Dinesh,Verma,8429004207,HR,Lead,,not_started,TechCorp,DGTC
Dinesh,Chopra,7500759840,IT,Lead,KA,not_started,GrowMore,MahindraTech
Preeti,Singh,6108384410,Engineering,,CG,active,BrightFuture,Zensar
Anjali,Kumar,8585001297,Sales,Engineer,GJ,not_started,TechCorp,TCS
Pooja,Jain,7865471906,DevOps,Executive,CG,active,SellWell,Wipro
Manish,Yadav,7385066604,Support,,OR,not_started,PeopleInc,Infosys
Preeti,Chopra,6272657347,Sales,Analyst,KA,active,GrowMore,MahindraTech
Nikita,Mishra,9680663639,Support,Manager,GJ,not_started,SellWell,Hira Group
Manish,Jain,6524258326,Engineering,,CG,active,GrowMore,MahindraTech
Neha,Kumar,9290005796,HR,Analyst,MH,not_started,SellWell,Hira Group
Ravi,Yadav,9380388320,Engineering,Engineer,MH,active,SellWell,Hira Group
Suresh,Kumar,9648343779,Sales,Lead,KA,terminated,BrightFuture,Zensar
Anjali,Mishra,9792468454,Finance,Executive,KA,terminated,BrightFuture,LTI
Suresh,Singh,9630676877,Support,Executive,KA,not_started,PeopleInc,Infosys
Dinesh,Chopra,7425393671,Finance,Engineer,KA,active,TechCorp,TCS
Preeti,Jain,,,Lead,CG,terminated,TechCorp,TCS
Kiran,Mishra,9897526927,Engineering,,DL,active,GrowMore,Capgemini
Anjali,Mishra,7554105899,IT,,GJ,not_started,TechCorp,TCS
Ravi,Yadav,8675421643,IT,Engineer,KA,terminated,SellWell,Hira Group
Neha,Singh,,Sales,Analyst,DL,not_started,SellWell,Hira Group
Dinesh,Mishra,8742382894,HR,Analyst,KA,not_started,SellWell,Hira Group
Pooja,Kumar,9521112039,Finance,Manager,CG,not_started,GrowMore,Capgemini
Amit,Mehta,7159152776,HR,Executive,KA,active,TechCorp,TCS
Preeti,Chopra,8475272511,HR,Analyst,CG,active,PeopleInc,Infosys
Neha,Chopra,8981166874,HR,Engineer,DL,active,GrowMore,Capgemini
Neha,Mishra,7989483518,Support,Lead,OR,terminated,BrightFuture,Zensar
Amit,Kumar,6452345814,Sales,,CG,terminated,GrowMore,Capgemini
Manish,Reddy,6927482040,DevOps,,OR,not_started,SellWell,Hira Group
Kiran,Yadav,9537006995,Sales,Executive,OR,terminated,SellWell,Hira Group
Nikita,Yadav,6090816253,Sales,,DL,terminated,GrowMore,Capgemini
Kiran,Jain,8435124589,Support,,MH,not_started,BrightFuture,LTI
Dinesh,Jain,8645070366,IT,Lead,OR,not_started,PeopleInc,Infosys
Neha,Verma,9218655178,Engineering,Engineer,CG,active,TechCorp,DGTC
Pooja,Kumar,7580205667,IT,Executive,,not_started,PeopleInc,Infosys
Pooja,Singh,9595951742,HR,Manager,KA,terminated,SellWell,Wipro
Suresh,Mehta,8965121815,Sales,Analyst,GJ,terminated,TechCorp,DGTC
Ravi,Mehta,9016585569,Finance,Lead,CG,active,GrowMore,Capgemini
Raj,Singh,9147471310,IT,Engineer,,terminated,TechCorp,DGTC
Manish,Reddy,7729303060,,,KA,active,BrightFuture,Zensar
Preeti,Jain,7770089299,,Lead,DL,active,SellWell,Wipro
Dinesh,Chopra,8772290590,Sales,,KA,active,SellWell,Hira Group
Amit,Kumar,6449356920,Sales,Analyst,KA,terminated,PeopleInc,CodeNicely
Suresh,Yadav,6282958747,HR,Manager,KA,not_started,TechCorp,TCS
Suresh,Jain,,Engineering,Manager,KA,active,PeopleInc,CodeNicely
Dinesh,Singh,,HR,Executive,DL,terminated,SellWell,Hira Group
Anjali,Reddy,8789706446,Sales,,,not_started,PeopleInc,CodeNicely
Suresh,Mishra,8781658372,Engineering,Executive,DL,active,PeopleInc,CodeNicely
Ravi,Singh,9634306450,DevOps,Analyst,OR,active,GrowMore,Capgemini
Ravi,Chopra,9540536433,Support,Executive,DL,not_started,TechCorp,DGTC
Manish,Kumar,8993023065,IT,Engineer,,terminated,GrowMore,MahindraTech
Ravi,Yadav,,Support,Executive,GJ,not_started,TechCorp,DGTC
Pooja,Kumar,6780636779,Sales,Manager,GJ,not_started,BrightFuture,Zensar
Kiran,Singh,,DevOps,,CG,not_started,TechCorp,TCS
Suresh,Kumar,7443333518,DevOps,Analyst,,not_started,GrowMore,MahindraTech
Manish,Singh,9828506375,HR,,,active,TechCorp,DGTC
Pooja,Kumar,9753556678,Finance,Manager,MH,not_started,GrowMore,MahindraTech
Ravi,Sharma,8618010736,Engineering,Lead,GJ,active,PeopleInc,Infosys
Neha,Mishra,8509045101,Support,Analyst,CG,active,GrowMore,Capgemini
Raj,Sharma,7870124698,Engineering,Manager,MH,terminated,TechCorp,DGTC
Raj,Chopra,7181370352,HR,Manager,OR,not_started,GrowMore,MahindraTech
Amit,Singh,7023445209,HR,Engineer,GJ,not_started,GrowMore,MahindraTech
Preeti,Verma,6930035380,HR,Executive,GJ,not_started,TechCorp,TCS
Suresh,Kumar,9489423936,DevOps,Lead,MH,active,PeopleInc,Infosys
Anjali,Yadav,9439397255,,Analyst,,terminated,GrowMore,MahindraTech
Suresh,Mehta,7396151206,Sales,Engineer,MH,not_started,TechCorp,TCS
Nikita,Yadav,,Engineering,Lead,,not_started,GrowMore,Capgemini
Ravi,Reddy,9083598568,,Lead,GJ,terminated,TechCorp,DGTC
Ravi,Verma,7901941087,DevOps,Manager,MH,not_started,PeopleInc,CodeNicely
Nikita,Mehta,8964606796,Engineering,,,not_started,TechCorp,DGTC
Anjali,Kumar,9771302740,DevOps,,MH,terminated,TechCorp,DGTC
Kiran,Mehta,8603933276,Sales,Executive,,active,SellWell,Hira Group
Pooja,Mishra,7138986927,DevOps,Engineer,MH,active,PeopleInc,CodeNicely
Neha,Yadav,9199770947,IT,,CG,not_started,TechCorp,TCS
Raj,Reddy,6224376097,,,CG,not_started,TechCorp,TCS
Neha,Yadav,8842441698,Finance,Lead,CG,active,BrightFuture,LTI
Nikita,Jain,,IT,Executive,OR,not_started,GrowMore,Capgemini
Neha,Reddy,6817695065,Finance,,,terminated,SellWell,Hira Group
Nikita,Reddy,9177718485,DevOps,Lead,,not_started,BrightFuture,Zensar
Neha,Sharma,7698644194,Engineering,Lead,CG,not_started,BrightFuture,Zensar
Manish,Mehta,8577198129,Finance,Manager,KA,active,PeopleInc,Infosys
Ravi,Singh,9765456913,HR,Analyst,DL,not_started,GrowMore,Capgemini
Kiran,Mishra,7360233299,Engineering,Executive,KA,not_started,GrowMore,Capgemini
Pooja,Mishra,7673309014,Engineering,Lead,GJ,terminated,SellWell,Wipro
Pooja,Chopra,9245811446,Support,Executive,OR,not_started,BrightFuture,Zensar
Ravi,Sharma,7662772970,Support,,KA,active,TechCorp,TCS
Ravi,Jain,6377032699,DevOps,Analyst,DL,not_started,GrowMore,MahindraTech
Amit,Sharma,8421430194,,Engineer,CG,not_started,SellWell,Hira Group
Raj,Sharma,8793405186,Engineering,Engineer,CG,terminated,TechCorp,TCS
Suresh,Jain,9465568368,Engineering,Analyst,,active,PeopleInc,Infosys
Manish,Verma,7124953235,HR,Executive,KA,not_started,PeopleInc,Infosys
Neha,Singh,7040389538,Support,,GJ,active,BrightFuture,LTI
Amit,Sharma,8208744764,DevOps,Analyst,OR,active,PeopleInc,Infosys
Suresh,Jain,7222469241,HR,Analyst,KA,not_started,TechCorp,TCS
Raj,Reddy,6178733289,DevOps,Engineer,KA,active,GrowMore,MahindraTech
Nikita,Jain,7267080466,Support,Analyst,DL,terminated,PeopleInc,CodeNicely
Dinesh,Mishra,7389314729,Sales,Lead,MH,not_started,BrightFuture,Zensar
Amit,Singh,9081099131,Support,Lead,,not_started,GrowMore,Capgemini
Neha,Reddy,8774783341,,Analyst,KA,active,PeopleInc,Infosys
Nikita,Sharma,9728304070,Support,Lead,CG,active,SellWell,Hira Group
Anjali,Yadav,9238618245,HR,Analyst,,active,PeopleInc,Infosys
Dinesh,Mishra,9899601674,Finance,,DL,terminated,PeopleInc,Infosys
Suresh,Mehta,7152027046,,Engineer,,terminated,SellWell,Wipro
Manish,Chopra,6947899141,Sales,Executive,CG,active,TechCorp,TCS
Pooja,Chopra,,Support,Lead,OR,terminated,SellWell,Wipro
Suresh,Mehta,6386817629,DevOps,Lead,MH,active,PeopleInc,Infosys
Neha,Mehta,9928452758,Engineering,Manager,GJ,active,GrowMore,Capgemini
Kiran,Mishra,9633832501,IT,Executive,DL,active,SellWell,Wipro
Preeti,Mehta,7671524990,IT,Lead,MH,active,GrowMore,MahindraTech
Ravi,Yadav,6837361953,DevOps,Engineer,KA,terminated,PeopleInc,CodeNicely
Ravi,Reddy,9693000668,DevOps,Manager,KA,terminated,PeopleInc,Infosys
Nikita,Chopra,7320939424,HR,Lead,KA,not_started,TechCorp,TCS
Manish,Kumar,6334288083,Finance,Analyst,MH,active,GrowMore,Capgemini
Preeti,Kumar,6183465890,Sales,Manager,MH,not_started,GrowMore,MahindraTech
Neha,Verma,9838784613,IT,Executive,MH,active,GrowMore,Capgemini
Preeti,Kumar,9758501991,IT,Lead,MH,terminated,SellWell,Wipro
Pooja,Kumar,8062510677,DevOps,Executive,KA,active,PeopleInc,Infosys
Raj,Chopra,6849837196,Engineering,Engineer,DL,terminated,BrightFuture,Zensar
Dinesh,Mishra,6680867000,DevOps,Executive,KA,terminated,BrightFuture,Zensar
Manish,Verma,9221449648,Sales,Analyst,GJ,not_started,TechCorp,DGTC
Pooja,Singh,8096532093,DevOps,Engineer,MH,not_started,TechCorp,DGTC
Manish,Verma,9503250465,Support,Lead,OR,active,TechCorp,TCS
Dinesh,Reddy,7748503182,Support,Analyst,MH,terminated,TechCorp,DGTC
Anjali,Mehta,,,Engineer,CG,active,BrightFuture,LTI
Ravi,Sharma,6283735314,Sales,Analyst,CG,not_started,TechCorp,TCS
Pooja,Yadav,7968111859,Finance,Manager,DL,active,GrowMore,Capgemini
Pooja,Mehta,7792905881,IT,Executive,MH,active,TechCorp,DGTC
Pooja,Verma,9083832215,Support,Analyst,DL,active,TechCorp,DGTC
Pooja,Verma,9722381044,,Lead,KA,terminated,GrowMore,MahindraTech
Anjali,Mehta,8927872407,IT,Engineer,OR,active,GrowMore,Capgemini
Kiran,Verma,6766555350,Support,Analyst,CG,active,BrightFuture,LTI
Pooja,Reddy,9615283550,,Analyst,KA,terminated,PeopleInc,CodeNicely
Pooja,Reddy,9476094691,,Engineer,GJ,active,GrowMore,MahindraTech
Ravi,Chopra,8532701993,HR,Analyst,GJ,terminated,TechCorp,DGTC
Dinesh,Mehta,7324099098,IT,,CG,active,PeopleInc,Infosys
Pooja,Verma,7182861759,,Executive,CG,terminated,SellWell,Hira Group
Preeti,Reddy,8925185400,DevOps,Lead,,active,BrightFuture,LTI
Anjali,Verma,8364467302,Support,Manager,CG,active,BrightFuture,LTI
Neha,Singh,7231852411,Finance,Manager,DL,terminated,BrightFuture,Zensar
Neha,Sharma,8303967573,Sales,Engineer,KA,not_started,PeopleInc,Infosys
Anjali,Jain,8796669141,Support,Engineer,KA,not_started,PeopleInc,Infosys
Raj,Singh,9258888671,Sales,Manager,MH,terminated,SellWell,Wipro
Dinesh,Mishra,7452152830,Finance,Lead,MH,terminated,PeopleInc,Infosys
Manish,Yadav,9855186783,IT,Analyst,OR,terminated,PeopleInc,Infosys
Amit,Mehta,8984365340,Sales,Executive,GJ,not_started,PeopleInc,CodeNicely
Raj,Mehta,8968132100,IT,Engineer,,terminated,BrightFuture,Zensar
Dinesh,Jain,9598471304,Engineering,Engineer,MH,not_started,BrightFuture,Zensar
Suresh,Reddy,7160822763,,Engineer,CG,terminated,TechCorp,DGTC
Amit,Mehta,7687727859,Engineering,Engineer,CG,active,PeopleInc,CodeNicely
Manish,Singh,8358190565,Finance,Lead,OR,active,GrowMore,MahindraTech
Neha,Chopra,8255583779,Finance,Executive,GJ,terminated,BrightFuture,LTI
Pooja,Mishra,6936680339,Finance,,DL,active,TechCorp,DGTC
Dinesh,Sharma,8499568741,Support,Analyst,OR,active,BrightFuture,LTI
Manish,Singh,9786538099,Sales,Lead,,not_started,SellWell,Hira Group
Anjali,Reddy,9511478558,,Engineer,MH,active,BrightFuture,LTI
Kiran,Sharma,9518503609,Finance,Manager,MH,not_started,TechCorp,TCS
Nikita,Mehta,6770856987,Finance,Lead,,terminated,TechCorp,DGTC
Pooja,Mishra,7453687355,Finance,,,active,SellWell,Hira Group
Manish,Reddy,6557661768,Finance,Executive,OR,not_started,BrightFuture,Zensar
Manish,Singh,9889154959,Support,Executive,CG,terminated,BrightFuture,LTI
Anjali,Singh,6998891907,IT,Executive,,not_started,SellWell,Wipro
Neha,Verma,6258206694,DevOps,Manager,GJ,terminated,GrowMore,MahindraTech
Raj,Kumar,8898632693,Support,Manager,,not_started,GrowMore,Capgemini
Suresh,Jain,8106864848,Engineering,Manager,,not_started,BrightFuture,LTI
Anjali,Yadav,8936448059,IT,Manager,,terminated,BrightFuture,Zensar
Amit,Mehta,9589711732,Engineering,Manager,GJ,not_started,BrightFuture,Zensar
Amit,Verma,7982450370,Engineering,Manager,GJ,active,SellWell,Wipro
Neha,Chopra,6859416466,Finance,Engineer,DL,terminated,PeopleInc,Infosys
Anjali,Verma,8265125999,IT,Manager,CG,terminated,SellWell,Wipro
Suresh,Kumar,7014071002,Engineering,Engineer,CG,terminated,GrowMore,MahindraTech
Neha,Jain,6629845532,IT,Manager,GJ,terminated,GrowMore,MahindraTech
Neha,Reddy,9765291644,Sales,Engineer,DL,not_started,BrightFuture,LTI
Manish,Yadav,8024985435,HR,Executive,KA,not_started,GrowMore,Capgemini
Manish,Mishra,7486770313,Engineering,Engineer,MH,not_started,TechCorp,TCS
Amit,Verma,6572688463,Engineering,Manager,GJ,active,SellWell,Hira Group
Suresh,Kumar,8622327915,Sales,Executive,CG,not_started,PeopleInc,CodeNicely
Suresh,Singh,7617213753,HR,Engineer,GJ,terminated,PeopleInc,Infosys
Manish,Sharma,7767770408,,Lead,DL,not_started,PeopleInc,Infosys
Kiran,Yadav,9632888672,Finance,Engineer,KA,terminated,TechCorp,TCS
Raj,Verma,9058121728,Support,Lead,CG,terminated,BrightFuture,LTI
Pooja,Kumar,8474961323,Finance,Manager,,not_started,PeopleInc,Infosys
Ravi,Sharma,7394639365,HR,Analyst,OR,active,PeopleInc,CodeNicely
Manish,Verma,,Support,Executive,KA,not_started,TechCorp,DGTC
Kiran,Chopra,6330684751,Sales,Executive,DL,active,SellWell,Hira Group
Suresh,Kumar,,Finance,,OR,not_started,GrowMore,Capgemini
Pooja,Jain,8918405711,Engineering,Lead,OR,active,SellWell,Hira Group
Neha,Verma,9665408869,Finance,,GJ,active,PeopleInc,Infosys
Ravi,Reddy,7859443847,IT,Analyst,DL,not_started,PeopleInc,CodeNicely
Kiran,Reddy,9918256397,,Analyst,DL,not_started,BrightFuture,LTI
Ravi,Mehta,9698261450,Engineering,Analyst,OR,not_started,TechCorp,TCS
Amit,Mehta,9392737011,DevOps,Engineer,KA,terminated,BrightFuture,Zensar
Pooja,Jain,7347276598,,,OR,active,GrowMore,MahindraTech
Nikita,Sharma,7435107941,Finance,,DL,active,PeopleInc,CodeNicely
Preeti,Reddy,7722845309,DevOps,Lead,OR,active,SellWell,Hira Group
Neha,Chopra,7290370868,Engineering,Analyst,,not_started,TechCorp,TCS
Dinesh,Jain,9373272203,,,GJ,not_started,SellWell,Wipro
Anjali,Mehta,9043595669,,Manager,KA,not_started,GrowMore,MahindraTech
Raj,Kumar,7824989515,HR,Executive,DL,active,BrightFuture,LTI
Pooja,Verma,6079386261,Finance,Executive,MH,terminated,TechCorp,TCS
Ravi,Yadav,7066079113,IT,,DL,active,PeopleInc,Infosys
Raj,Yadav,9939529133,Sales,Executive,MH,terminated,TechCorp,DGTC
Ravi,Yadav,8681043964,Engineering,Executive,OR,not_started,SellWell,Wipro
Amit,Sharma,6857790904,DevOps,Lead,MH,not_started,SellWell,Wipro
Suresh,Jain,7988346010,Engineering,Analyst,MH,active,TechCorp,DGTC
Nikita,Verma,8002211880,Sales,Analyst,,terminated,PeopleInc,CodeNicely
Ravi,Mehta,7575339130,DevOps,Executive,KA,terminated,TechCorp,DGTC
Dinesh,Kumar,8814148851,Finance,Manager,KA,not_started,SellWell,Wipro
Anjali,Mishra,8925259990,Engineering,Lead,DL,not_started,TechCorp,TCS
Kiran,Sharma,8750080577,HR,Executive,MH,not_started,PeopleInc,CodeNicely
Nikita,Reddy,9509890181,HR,Engineer,OR,active,GrowMore,Capgemini
Kiran,Verma,8289960779,Engineering,Analyst,,terminated,BrightFuture,LTI
Manish,Mishra,7406426833,Engineering,Analyst,,active,PeopleInc,CodeNicely
Amit,Reddy,8170085130,Support,Lead,KA,not_started,GrowMore,MahindraTech
Dinesh,Chopra,7126036169,,Engineer,DL,not_started,SellWell,Hira Group
Nikita,Chopra,8614539208,DevOps,Engineer,DL,terminated,GrowMore,Capgemini
Neha,Mehta,6178891914,DevOps,Analyst,DL,terminated,PeopleInc,Infosys
Ravi,Yadav,7734157460,IT,Manager,MH,not_started,SellWell,Wipro
Nikita,Mehta,6983586765,,Executive,MH,not_started,TechCorp,DGTC
Preeti,Mishra,8031411954,HR,Manager,DL,active,GrowMore,Capgemini
Raj,Reddy,6941180376,IT,Engineer,,active,BrightFuture,LTI
Anjali,Mehta,7092193979,DevOps,Manager,KA,terminated,SellWell,Hira Group
Manish,Reddy,7619272291,IT,,KA,terminated,GrowMore,Capgemini
Amit,Verma,,,Manager,,terminated,GrowMore,Capgemini
Pooja,Sharma,9473513595,Support,,KA,not_started,BrightFuture,Zensar
Kiran,Mishra,7621395118,DevOps,Manager,MH,active,BrightFuture,LTI
Raj,Singh,8641250761,,Manager,DL,terminated,SellWell,Hira Group
Nikita,Singh,8511582685,,Analyst,MH,terminated,TechCorp,DGTC
Dinesh,Yadav,6128452761,IT,Lead,GJ,not_started,TechCorp,DGTC
Kiran,Yadav,7288166737,,Manager,MH,not_started,SellWell,Wipro
Nikita,Mehta,9863519274,Support,,OR,active,BrightFuture,Zensar
Ravi,Singh,8902248279,Support,Lead,CG,terminated,GrowMore,Capgemini
Ravi,Mehta,8842781795,Sales,Analyst,GJ,active,GrowMore,MahindraTech
Pooja,Kumar,6707879440,DevOps,Analyst,MH,terminated,GrowMore,MahindraTech
Neha,Sharma,7751545708,DevOps,Engineer,MH,active,TechCorp,TCS
Kiran,Reddy,9290702042,IT,Lead,DL,terminated,SellWell,Wipro
Preeti,Singh,7490781470,DevOps,Analyst,CG,not_started,TechCorp,DGTC
Pooja,Jain,8434707497,Finance,Executive,MH,active,SellWell,Hira Group
Amit,Jain,7151085004,HR,,,terminated,GrowMore,MahindraTech
Neha,Chopra,8573069666,Engineering,Engineer,MH,terminated,SellWell,Hira Group
Manish,Mehta,9336756787,Sales,Lead,GJ,terminated,SellWell,Hira Group
Suresh,Reddy,7634433908,HR,Manager,DL,not_started,TechCorp,DGTC
Dinesh,Yadav,8986718953,Engineering,Lead,DL,active,PeopleInc,CodeNicely
Suresh,Yadav,,HR,,GJ,not_started,SellWell,Wipro
Preeti,Verma,8930622791,,Lead,DL,terminated,SellWell,Wipro
Kiran,Reddy,9157858398,Support,Manager,DL,not_started,GrowMore,Capgemini
Neha,Chopra,9841489568,HR,Lead,,active,SellWell,Hira Group
Raj,Verma,9074554270,IT,Analyst,DL,terminated,BrightFuture,Zensar
Pooja,Mehta,6391607132,DevOps,Manager,MH,terminated,BrightFuture,LTI
Preeti,Reddy,8954221578,Support,Manager,,terminated,BrightFuture,Zensar
Preeti,Mehta,,DevOps,Lead,DL,not_started,TechCorp,DGTC
Neha,Verma,7105987551,Sales,Engineer,CG,active,PeopleInc,CodeNicely
Pooja,Sharma,7534606681,HR,,OR,not_started,TechCorp,TCS
Dinesh,Kumar,,Engineering,Manager,MH,active,GrowMore,Capgemini
Raj,Kumar,8505087575,DevOps,Lead,OR,active,PeopleInc,CodeNicely
Nikita,Sharma,9884977981,IT,Executive,OR,terminated,GrowMore,Capgemini
Pooja,Mishra,8488200636,Support,Executive,OR,terminated,GrowMore,Capgemini
Raj,Reddy,9863004756,,Manager,GJ,active,SellWell,Wipro
Anjali,Yadav,9663102819,,Analyst,,terminated,GrowMore,MahindraTech
Dinesh,Mehta,7222001738,IT,Analyst,,active,BrightFuture,Zensar
Ravi,Jain,8545049015,IT,Lead,MH,not_started,PeopleInc,Infosys
Preeti,Mishra,7080304862,Support,Manager,DL,not_started,TechCorp,DGTC
Preeti,Singh,,HR,Engineer,OR,not_started,SellWell,Wipro
Nikita,Chopra,8739324443,IT,Executive,,not_started,TechCorp,TCS
Dinesh,Reddy,6219914275,,Engineer,KA,not_started,BrightFuture,LTI
Raj,Mishra,,IT,,KA,terminated,SellWell,Wipro
Nikita,Sharma,7542091875,DevOps,Executive,OR,not_started,TechCorp,DGTC
Pooja,Verma,8048942967,Finance,Engineer,GJ,terminated,TechCorp,TCS
Pooja,Chopra,9009373919,HR,Manager,MH,active,BrightFuture,LTI
Amit,Jain,7802850604,Sales,,MH,active,SellWell,Hira Group
Manish,Verma,7897534673,DevOps,Analyst,DL,terminated,SellWell,Wipro
Manish,Kumar,7008751514,DevOps,Lead,,active,TechCorp,TCS
Preeti,Verma,9491516924,,Executive,DL,active,PeopleInc,CodeNicely
Ravi,Chopra,9019149358,DevOps,Executive,CG,not_started,PeopleInc,CodeNicely
Neha,Kumar,8687692755,DevOps,Engineer,GJ,active,SellWell,Hira Group
Dinesh,Mehta,9277664991,Support,Lead,,active,TechCorp,DGTC
Ravi,Mehta,6662368690,Sales,Engineer,KA,terminated,SellWell,Hira Group
Preeti,Chopra,9543120226,Support,Executive,MH,terminated,TechCorp,DGTC
Nikita,Mishra,6687143052,HR,Analyst,MH,terminated,SellWell,Hira Group
Manish,Verma,6742189636,IT,Executive,DL,active,BrightFuture,Zensar
Raj,Kumar,6095670389,Support,Engineer,DL,active,BrightFuture,LTI
Ravi,Chopra,6060677928,Finance,Executive,GJ,terminated,TechCorp,TCS
Manish,Reddy,9015993411,Finance,,GJ,terminated,TechCorp,DGTC
Neha,Reddy,9268934797,Finance,Lead,MH,active,PeopleInc,Infosys
Nikita,Kumar,8944848056,Finance,Lead,DL,not_started,TechCorp,DGTC
Anjali,Chopra,7107710963,Sales,Manager,KA,terminated,GrowMore,Capgemini
Suresh,Chopra,9709812676,Support,Analyst,CG,not_started,TechCorp,TCS
Amit,Verma,6711409175,Finance,Executive,GJ,not_started,PeopleInc,CodeNicely
Ravi,Chopra,7226886122,HR,,GJ,not_started,TechCorp,TCS
Suresh,Verma,6926918484,Sales,Engineer,CG,not_started,SellWell,Wipro
Raj,Verma,9510566313,Sales,Executive,GJ,terminated,SellWell,Wipro
Raj,Mishra,8186283277,DevOps,Manager,DL,terminated,BrightFuture,Zensar
Pooja,Sharma,6710224692,Finance,Executive,DL,active,GrowMore,Capgemini
Raj,Sharma,8946315816,IT,Executive,KA,not_started,TechCorp,DGTC
Raj,Mehta,8707613806,Finance,Manager,OR,terminated,SellWell,Wipro
Manish,Verma,7674970681,,Analyst,DL,not_started,SellWell,Wipro
Ravi,Sharma,9356506299,IT,Analyst,OR,not_started,SellWell,Hira Group
Nikita,Singh,8458269021,Finance,Lead,OR,not_started,TechCorp,TCS
Preeti,Chopra,9196508658,Sales,,,active,GrowMore,Capgemini
Kiran,Jain,9665424660,IT,,OR,active,BrightFuture,LTI
Pooja,Yadav,6189943684,IT,Engineer,,not_started,TechCorp,DGTC
Nikita,Mehta,6391801720,DevOps,Executive,GJ,not_started,SellWell,Wipro
Dinesh,Kumar,7165929589,IT,Manager,OR,active,BrightFuture,LTI
Ravi,Mishra,9981521485,Support,Analyst,MH,not_started,SellWell,Hira Group
Raj,Yadav,6894042603,IT,Executive,OR,active,PeopleInc,Infosys
Kiran,Singh,7293379031,Sales,Engineer,CG,terminated,TechCorp,DGTC
Neha,Mishra,6790074310,Finance,Manager,CG,not_started,BrightFuture,LTI
Anjali,Mishra,6410781634,Engineering,Lead,DL,active,BrightFuture,Zensar
Raj,Mehta,8891492000,Finance,Lead,OR,active,PeopleInc,Infosys
Raj,Jain,8126535492,HR,Lead,MH,not_started,GrowMore,Capgemini
Manish,Sharma,6653997175,IT,Analyst,CG,terminated,GrowMore,MahindraTech
Dinesh,Jain,6996650465,Finance,Manager,GJ,terminated,GrowMore,MahindraTech
Suresh,Jain,6363992302,IT,,DL,not_started,TechCorp,DGTC
Manish,Kumar,9727688441,DevOps,Engineer,,terminated,TechCorp,TCS
Ravi,Verma,9756543008,Finance,Analyst,DL,terminated,SellWell,Hira Group
Raj,Yadav,7371486994,Finance,Analyst,KA,not_started,TechCorp,TCS
Ravi,Chopra,6285670043,Finance,Engineer,GJ,terminated,PeopleInc,Infosys
Kiran,Singh,6669881317,Support,Executive,CG,active,TechCorp,DGTC
Anjali,Jain,8210873370,Sales,Manager,,terminated,GrowMore,MahindraTech
Pooja,Reddy,7633459780,HR,Lead,GJ,active,GrowMore,MahindraTech
Neha,Kumar,9911604491,IT,Lead,GJ,active,PeopleInc,Infosys
Nikita,Mehta,,Engineering,Manager,,active,SellWell,Hira Group
Pooja,Yadav,6157665674,Sales,Engineer,OR,active,SellWell,Hira Group
Amit,Mishra,8233000891,Support,Engineer,CG,terminated,TechCorp,TCS
Ravi,Jain,8487213825,DevOps,Lead,CG,terminated,SellWell,Hira Group
Ravi,Sharma,9115347810,Support,Analyst,OR,not_started,BrightFuture,Zensar
Pooja,Singh,6862959102,Support,Engineer,,terminated,GrowMore,MahindraTech
Pooja,Mehta,,DevOps,Lead,GJ,not_started,GrowMore,MahindraTech
Amit,Chopra,9517522290,Engineering,Lead,,terminated,SellWell,Wipro
Manish,Jain,,Support,Executive,OR,terminated,TechCorp,TCS
Manish,Kumar,6534520136,Support,,,active,SellWell,Hira Group
Ravi,Yadav,9568005047,IT,Executive,MH,terminated,GrowMore,MahindraTech
Preeti,Chopra,9029310153,,,GJ,terminated,BrightFuture,Zensar
Dinesh,Mishra,7495318288,Support,,DL,active,TechCorp,TCS
Neha,Sharma,8365942289,DevOps,,GJ,not_started,PeopleInc,Infosys
Ravi,Mishra,7441269376,,Engineer,KA,not_started,SellWell,Hira Group
Raj,Mehta,6944577979,Finance,Manager,OR,not_started,TechCorp,DGTC
Raj,Yadav,9465806820,Support,Executive,MH,active,GrowMore,MahindraTech
Raj,Mishra,8287473482,Engineering,Analyst,MH,not_started,PeopleInc,Infosys
Amit,Mishra,8824790726,DevOps,Lead,CG,terminated,PeopleInc,Infosys
Dinesh,Mishra,8918510499,HR,Manager,OR,not_started,BrightFuture,LTI
Raj,Chopra,9041926198,DevOps,Engineer,DL,not_started,BrightFuture,LTI
Suresh,Verma,9997210022,Finance,Executive,CG,active,SellWell,Wipro
Manish,Mehta,7939162358,HR,,GJ,active,BrightFuture,LTI
Manish,Mishra,8355621626,IT,Analyst,KA,active,TechCorp,TCS
Raj,Jain,7028428303,Engineering,Executive,,not_started,TechCorp,TCS
Suresh,Mishra,8977797717,IT,Lead,GJ,terminated,SellWell,Wipro
Ravi,Kumar,6325455806,IT,Manager,DL,not_started,GrowMore,MahindraTech
Nikita,Mishra,9101734530,Engineering,Engineer,KA,not_started,SellWell,Hira Group
Dinesh,Mehta,6628052157,DevOps,Executive,CG,terminated,TechCorp,TCS
Nikita,Reddy,7510954157,Engineering,Engineer,KA,not_started,PeopleInc,CodeNicely
Manish,Yadav,7808538968,IT,Analyst,DL,terminated,PeopleInc,Infosys
Manish,Jain,7188014258,HR,Analyst,GJ,not_started,SellWell,Hira Group
Nikita,Mehta,8585996671,DevOps,Executive,CG,terminated,GrowMore,MahindraTech
Nikita,Jain,6279164914,DevOps,,MH,not_started,TechCorp,DGTC
Nikita,Kumar,9838504398,Support,Engineer,MH,active,PeopleInc,CodeNicely
Kiran,Mishra,8169080898,,Lead,KA,active,PeopleInc,Infosys
Dinesh,Yadav,9024657257,DevOps,Lead,CG,not_started,TechCorp,DGTC
Dinesh,Jain,6643224138,IT,,CG,terminated,PeopleInc,Infosys
Raj,Chopra,8968141393,Engineering,Analyst,DL,not_started,PeopleInc,CodeNicely
Nikita,Yadav,,Finance,Manager,,active,GrowMore,Capgemini
Raj,Mishra,9316650501,DevOps,Engineer,GJ,not_started,GrowMore,MahindraTech
Anjali,Verma,9832162952,HR,Engineer,MH,not_started,PeopleInc,CodeNicely
Manish,Verma,9618241765,HR,Lead,OR,active,TechCorp,DGTC
Raj,Yadav,6680855970,Finance,Executive,CG,active,BrightFuture,Zensar
Raj,Sharma,6816065070,Engineering,Executive,GJ,active,PeopleInc,CodeNicely
Dinesh,Mehta,6464376528,Sales,Lead,MH,active,PeopleInc,CodeNicely
Neha,Kumar,6049019934,Sales,Analyst,MH,active,PeopleInc,Infosys
Neha,Mishra,8871423310,,Lead,MH,terminated,BrightFuture,Zensar
Raj,Singh,6527850605,Engineering,Executive,GJ,not_started,TechCorp,DGTC
Anjali,Yadav,9253191942,IT,Manager,OR,not_started,BrightFuture,LTI
Preeti,Chopra,6100898236,Engineering,Manager,DL,not_started,PeopleInc,CodeNicely
Manish,Reddy,8318814748,HR,Engineer,KA,terminated,TechCorp,TCS
Ravi,Mehta,7461489389,Sales,Lead,DL,not_started,BrightFuture,LTI
Amit,Jain,7410839748,Finance,,,active,TechCorp,DGTC
Dinesh,Sharma,9415261842,Finance,Manager,,active,SellWell,Wipro
Nikita,Chopra,8390243722,Support,Executive,CG,terminated,SellWell,Wipro
Suresh,Mehta,7068652667,Support,Engineer,MH,terminated,BrightFuture,Zensar
Dinesh,Chopra,9861513403,DevOps,Analyst,OR,active,SellWell,Wipro
Preeti,Mishra,6952886741,Sales,Lead,MH,active,GrowMore,Capgemini
Raj,Mehta,6412227730,Sales,,,active,PeopleInc,CodeNicely
Preeti,Mehta,8946288858,Finance,Engineer,,terminated,PeopleInc,Infosys
Suresh,Verma,9108536777,,Executive,KA,active,SellWell,Wipro
Suresh,Yadav,6656198803,DevOps,,,not_started,GrowMore,MahindraTech
Anjali,Yadav,7765590232,HR,,CG,active,PeopleInc,CodeNicely
Preeti,Singh,6377816280,Sales,Manager,DL,terminated,GrowMore,Capgemini
Manish,Verma,7843487987,HR,Engineer,,terminated,SellWell,Hira Group
Nikita,Reddy,6746353244,,Lead,KA,not_started,SellWell,Wipro
Amit,Verma,8331250766,Sales,Engineer,GJ,active,TechCorp,DGTC
Manish,Singh,7871344580,,,GJ,active,BrightFuture,Zensar
Pooja,Sharma,9962812034,IT,Lead,MH,terminated,PeopleInc,CodeNicely
Neha,Verma,8261564560,Engineering,Engineer,KA,terminated,PeopleInc,CodeNicely
Ravi,Reddy,8413074047,,Executive,OR,active,TechCorp,TCS
Kiran,Singh,7166696194,IT,Executive,DL,active,BrightFuture,Zensar
Ravi,Chopra,6230545719,Engineering,Engineer,GJ,terminated,BrightFuture,LTI
Pooja,Sharma,9764821680,Finance,Lead,DL,active,GrowMore,Capgemini
Manish,Mishra,9583507716,Engineering,Engineer,MH,active,SellWell,Hira Group
Amit,Chopra,9947696996,Sales,Analyst,GJ,active,SellWell,Hira Group
Manish,Jain,7161395375,Engineering,Analyst,GJ,terminated,GrowMore,MahindraTech
Dinesh,Chopra,8620858275,Engineering,,OR,active,GrowMore,Capgemini
Dinesh,Jain,8334529343,Finance,,CG,active,SellWell,Hira Group
Preeti,Sharma,6165595699,Finance,Manager,,terminated,TechCorp,DGTC
Neha,Chopra,8500489988,IT,Analyst,CG,terminated,GrowMore,MahindraTech
Suresh,Yadav,9904764163,HR,Executive,GJ,not_started,PeopleInc,CodeNicely
Manish,Singh,6004814244,Support,Executive,OR,terminated,SellWell,Wipro
Preeti,Sharma,6071022367,IT,Analyst,DL,not_started,BrightFuture,LTI
Suresh,Verma,7294306444,DevOps,Lead,OR,active,GrowMore,Capgemini
Ravi,Mishra,8312614446,IT,Executive,MH,not_started,GrowMore,MahindraTech
Amit,Mehta,9609403482,IT,Manager,CG,not_started,SellWell,Wipro
Suresh,Jain,7813243858,IT,Lead,GJ,not_started,GrowMore,Capgemini
Manish,Jain,7897550996,DevOps,Lead,CG,terminated,TechCorp,TCS
Kiran,Reddy,7002309724,IT,Engineer,KA,terminated,SellWell,Wipro
Preeti,Verma,6184560982,Support,Manager,KA,terminated,PeopleInc,Infosys
Suresh,Yadav,8415901925,Sales,Manager,GJ,terminated,GrowMore,MahindraTech
Ravi,Jain,9759526430,Support,Lead,KA,terminated,BrightFuture,LTI
Dinesh,Sharma,9090295725,HR,Manager,GJ,not_started,TechCorp,TCS
Manish,Reddy,6129209527,Support,Analyst,KA,active,BrightFuture,Zensar
Nikita,Singh,8633145643,HR,,KA,not_started,SellWell,Hira Group
Pooja,Reddy,9883087117,Sales,Executive,CG,not_started,PeopleInc,Infosys
Pooja,Kumar,8649058173,Sales,Engineer,MH,not_started,GrowMore,Capgemini
Ravi,Singh,6955446198,Finance,Executive,,not_started,SellWell,Wipro
Ravi,Jain,8102433554,IT,Executive,GJ,terminated,PeopleInc,Infosys
Preeti,Sharma,8751416248,Sales,Analyst,,not_started,PeopleInc,Infosys
Ravi,Reddy,6057519530,Engineering,Analyst,DL,not_started,PeopleInc,CodeNicely
Manish,Reddy,6927052182,Support,Executive,OR,active,PeopleInc,CodeNicely
Dinesh,Chopra,6066619833,HR,Executive,CG,active,PeopleInc,Infosys
Suresh,Verma,9473009329,HR,Lead,,active,GrowMore,Capgemini
Anjali,Mishra,8532124863,Finance,Analyst,,active,SellWell,Hira Group
Pooja,Kumar,7946216621,Engineering,Lead,DL,terminated,PeopleInc,Infosys
Manish,Chopra,7620965752,IT,Manager,MH,terminated,SellWell,Wipro
Manish,Chopra,7925718087,Engineering,,MH,terminated,TechCorp,DGTC
Amit,Kumar,9717545159,Engineering,Executive,DL,terminated,TechCorp,DGTC
Manish,Jain,6880463263,,Analyst,KA,active,SellWell,Wipro
Kiran,Chopra,7885300448,Engineering,Executive,MH,active,PeopleInc,CodeNicely
Pooja,Verma,,,Executive,MH,not_started,TechCorp,TCS
Preeti,Yadav,6642445933,IT,,DL,not_started,BrightFuture,LTI
Suresh,Reddy,6699548578,Sales,Engineer,CG,not_started,TechCorp,DGTC
Pooja,Verma,9570804192,DevOps,Executive,GJ,active,GrowMore,MahindraTech
Manish,Mishra,6662522272,HR,Analyst,CG,active,TechCorp,DGTC
Preeti,Mishra,,,Manager,MH,not_started,PeopleInc,Infosys
Dinesh,Kumar,6394484145,Support,Executive,MH,not_started,SellWell,Wipro
Pooja,Yadav,9817627002,Support,Analyst,MH,active,GrowMore,Capgemini
Anjali,Chopra,6128208814,Support,Manager,,terminated,SellWell,Wipro
Anjali,Yadav,7942792754,IT,Lead,,not_started,PeopleInc,CodeNicely
Amit,Yadav,8976793821,DevOps,,,active,SellWell,Wipro
Nikita,Singh,8125231453,Sales,Executive,CG,not_started,PeopleInc,Infosys
Pooja,Reddy,8830983473,,Analyst,DL,not_started,TechCorp,TCS
Neha,Mishra,8000897945,,Lead,OR,terminated,BrightFuture,Zensar
Manish,Jain,9104800757,Engineering,Engineer,MH,active,PeopleInc,Infosys
Suresh,Singh,9649770354,HR,Analyst,GJ,not_started,BrightFuture,LTI
Manish,Chopra,8385524640,Engineering,Engineer,DL,terminated,TechCorp,DGTC
Preeti,Singh,9214519856,IT,Lead,OR,terminated,PeopleInc,CodeNicely
Nikita,Yadav,7351652140,,Executive,,not_started,GrowMore,Capgemini
Preeti,Jain,,Support,Engineer,KA,not_started,GrowMore,Capgemini
Ravi,Jain,6514647083,Engineering,Executive,,not_started,GrowMore,MahindraTech
Pooja,Jain,7937203692,Engineering,Analyst,DL,active,BrightFuture,LTI
Neha,Verma,9752450163,,Manager,KA,not_started,BrightFuture,Zensar
Raj,Kumar,,Sales,Manager,CG,not_started,PeopleInc,Infosys
Ravi,Verma,7344444197,Engineering,Executive,OR,terminated,GrowMore,MahindraTech
Preeti,Sharma,8329610973,Finance,Analyst,GJ,not_started,PeopleInc,Infosys
Dinesh,Verma,9085109194,Sales,,MH,terminated,SellWell,Wipro
Nikita,Kumar,7028291934,DevOps,Manager,DL,terminated,GrowMore,MahindraTech
Neha,Singh,7431258487,Finance,Lead,MH,active,GrowMore,MahindraTech
Pooja,Jain,6619604951,Sales,Analyst,,active,BrightFuture,LTI
Anjali,Yadav,7551887116,HR,Engineer,KA,not_started,TechCorp,DGTC
Preeti,Singh,9511844407,IT,Manager,MH,terminated,SellWell,Hira Group
Ravi,Mishra,8049825728,Engineering,,MH,not_started,PeopleInc,Infosys
Nikita,Verma,7520808891,Support,Analyst,GJ,terminated,PeopleInc,Infosys
Manish,Verma,9308434291,HR,Lead,MH,terminated,BrightFuture,LTI
Neha,Reddy,6976673650,HR,Engineer,,not_started,TechCorp,DGTC
Pooja,Kumar,8134769527,Support,Manager,KA,active,TechCorp,TCS
Raj,Singh,8567678581,HR,Engineer,CG,terminated,TechCorp,DGTC
Ravi,Reddy,8412154183,IT,,MH,terminated,SellWell,Hira Group
Anjali,Verma,8189293198,Sales,Analyst,OR,terminated,TechCorp,TCS
Pooja,Mishra,7992256968,IT,,,terminated,TechCorp,TCS
Dinesh,Sharma,9669338182,DevOps,Analyst,OR,active,BrightFuture,Zensar
Kiran,Verma,7704597237,Finance,Lead,MH,terminated,GrowMore,MahindraTech
Preeti,Mehta,7768722585,IT,Executive,GJ,not_started,SellWell,Wipro
Suresh,Mehta,6719363857,,,CG,active,GrowMore,MahindraTech
Preeti,Jain,6662438661,IT,Manager,,not_started,GrowMore,MahindraTech
Anjali,Kumar,8584379203,IT,Lead,MH,not_started,GrowMore,Capgemini
Preeti,Kumar,7311955332,,Lead,MH,terminated,BrightFuture,LTI
Nikita,Mehta,6471025732,Engineering,,DL,not_started,PeopleInc,Infosys
Nikita,Singh,9585375550,HR,Engineer,MH,not_started,TechCorp,TCS
Amit,Jain,6330109414,HR,Manager,CG,active,PeopleInc,CodeNicely
Ravi,Singh,6732478282,IT,Engineer,MH,active,GrowMore,MahindraTech
Raj,Singh,7250603233,HR,,,active,SellWell,Hira Group
Amit,Singh,7985360333,DevOps,Engineer,GJ,active,TechCorp,DGTC
Amit,Sharma,8602601502,HR,,,terminated,TechCorp,DGTC
Dinesh,Mehta,8587142180,DevOps,Analyst,,active,SellWell,Wipro
Ravi,Singh,8958874491,DevOps,Analyst,CG,terminated,TechCorp,TCS
Anjali,Singh,6920495418,Support,Executive,OR,not_started,BrightFuture,Zensar
Dinesh,Mishra,8975690040,IT,Executive,DL,terminated,PeopleInc,Infosys
Pooja,Kumar,9917424438,Sales,Engineer,GJ,not_started,SellWell,Hira Group
Pooja,Chopra,9504565743,DevOps,Lead,GJ,terminated,BrightFuture,Zensar
Preeti,Chopra,7416736629,DevOps,Lead,OR,not_started,BrightFuture,Zensar
Suresh,Kumar,8844632853,IT,Analyst,DL,active,BrightFuture,LTI
Neha,Mishra,7491865290,Support,Manager,CG,active,PeopleInc,Infosys
Neha,Sharma,7864793102,Support,Executive,GJ,not_started,GrowMore,Capgemini
Manish,Kumar,7174148962,Finance,Engineer,GJ,not_started,GrowMore,MahindraTech
Manish,Singh,7664317450,Support,Lead,CG,terminated,PeopleInc,CodeNicely
Nikita,Yadav,9704854835,Sales,,DL,terminated,BrightFuture,LTI
Dinesh,Reddy,9353478583,DevOps,Manager,OR,active,BrightFuture,LTI
Anjali,Sharma,8666201129,IT,Executive,,not_started,SellWell,Wipro
Manish,Mishra,9038817884,Engineering,,OR,terminated,TechCorp,TCS
Dinesh,Singh,8680851541,,Executive,GJ,active,PeopleInc,CodeNicely
Anjali,Yadav,9886771785,DevOps,Executive,MH,not_started,GrowMore,MahindraTech
Manish,Kumar,6941270563,Support,,DL,active,BrightFuture,Zensar
Preeti,Singh,,Engineering,Manager,KA,not_started,SellWell,Wipro
Suresh,Yadav,8705755713,Support,Engineer,KA,active,TechCorp,TCS
Anjali,Mishra,8328545512,DevOps,Engineer,,terminated,BrightFuture,LTI
Manish,Mehta,,,Analyst,KA,terminated,GrowMore,MahindraTech
Pooja,Chopra,7265892385,Sales,Lead,CG,active,PeopleInc,CodeNicely
Dinesh,Reddy,9190281256,HR,Executive,KA,active,GrowMore,MahindraTech
Suresh,Chopra,6257442961,Engineering,Analyst,MH,not_started,BrightFuture,Zensar
Nikita,Mehta,8946962240,Support,Analyst,OR,terminated,GrowMore,MahindraTech
Suresh,Sharma,6335248699,Finance,Engineer,DL,terminated,BrightFuture,LTI
Anjali,Yadav,6552063147,Sales,Manager,CG,terminated,GrowMore,MahindraTech
Nikita,Reddy,9236250896,IT,,KA,not_started,SellWell,Hira Group
Nikita,Yadav,6569791076,Support,Executive,MH,not_started,BrightFuture,LTI
Kiran,Kumar,7883991615,Support,Lead,CG,not_started,GrowMore,Capgemini
Raj,Mishra,9057643012,DevOps,Manager,KA,active,SellWell,Hira Group
Raj,Reddy,6519995322,DevOps,Manager,CG,not_started,GrowMore,MahindraTech
Ravi,Singh,7737784501,Finance,,,terminated,GrowMore,Capgemini
Raj,Reddy,9820221627,DevOps,Engineer,OR,terminated,TechCorp,DGTC
Amit,Yadav,9816245817,IT,Analyst,DL,terminated,PeopleInc,CodeNicely
Suresh,Jain,7330207676,IT,Manager,CG,terminated,TechCorp,DGTC
Neha,Kumar,8474065181,HR,Engineer,KA,not_started,SellWell,Hira Group
Ravi,Reddy,9553106886,Engineering,Manager,OR,terminated,PeopleInc,Infosys
Kiran,Reddy,8358625677,DevOps,Engineer,DL,terminated,PeopleInc,CodeNicely
Kiran,Sharma,6250882378,Engineering,Manager,MH,terminated,GrowMore,MahindraTech
Manish,Yadav,8839978089,Engineering,,MH,active,BrightFuture,Zensar
Anjali,Kumar,8552298865,DevOps,Lead,,terminated,BrightFuture,LTI
Raj,Reddy,7715632345,,Analyst,,active,PeopleInc,CodeNicely
Preeti,Mehta,6998421922,Finance,Manager,CG,active,PeopleInc,Infosys
Preeti,Chopra,,IT,Manager,CG,terminated,TechCorp,TCS
Raj,Mishra,8272699595,Support,Analyst,KA,terminated,PeopleInc,Infosys
Anjali,Kumar,7751469631,Support,Lead,OR,active,TechCorp,TCS
Nikita,Yadav,6258258052,,Analyst,,terminated,SellWell,Hira Group
Dinesh,Chopra,6283170685,Finance,,OR,not_started,TechCorp,DGTC
Dinesh,Singh,,DevOps,Executive,KA,active,PeopleInc,CodeNicely
Ravi,Chopra,8710262245,HR,Executive,GJ,not_started,GrowMore,MahindraTech
Preeti,Yadav,7331693441,Sales,Executive,,active,BrightFuture,Zensar
Manish,Mehta,9778268549,HR,Analyst,CG,active,SellWell,Wipro
Amit,Reddy,7182237860,HR,Lead,GJ,not_started,GrowMore,MahindraTech
Pooja,Sharma,9138298800,Finance,Engineer,GJ,not_started,GrowMore,MahindraTech
Manish,Reddy,7927425244,,Analyst,CG,active,BrightFuture,LTI
Manish,Chopra,,DevOps,Lead,MH,active,BrightFuture,Zensar
Nikita,Reddy,9117873761,HR,Executive,CG,not_started,BrightFuture,Zensar
Manish,Kumar,9753465872,,Engineer,DL,not_started,GrowMore,Capgemini
Manish,Chopra,6984827833,Finance,Executive,MH,not_started,TechCorp,DGTC
Suresh,Sharma,,Finance,Executive,OR,not_started,SellWell,Hira Group
Neha,Mishra,9950025709,Support,,OR,active,PeopleInc,CodeNicely
Preeti,Sharma,7422423141,Support,Manager,CG,terminated,BrightFuture,LTI
Amit,Jain,9998841769,Engineering,Lead,KA,terminated,PeopleInc,CodeNicely
Ravi,Reddy,7079001410,Engineering,Executive,CG,active,TechCorp,TCS
Ravi,Jain,9872105885,IT,Analyst,GJ,not_started,SellWell,Wipro
Anjali,Yadav,8440040537,IT,,DL,active,SellWell,Wipro
Preeti,Sharma,6851843033,Support,Analyst,KA,not_started,BrightFuture,LTI
Ravi,Jain,8758103849,,Analyst,GJ,not_started,TechCorp,TCS
Anjali,Reddy,8135971369,Support,Analyst,,active,TechCorp,DGTC
Anjali,Kumar,7987031099,Support,Lead,GJ,terminated,GrowMore,Capgemini
Manish,Verma,9682311139,HR,,GJ,active,BrightFuture,Zensar
Neha,Reddy,8262850460,HR,Manager,CG,active,TechCorp,DGTC
Dinesh,Reddy,7273550420,Sales,Lead,CG,terminated,GrowMore,MahindraTech
Ravi,Reddy,6011303752,DevOps,Lead,,terminated,TechCorp,TCS
Preeti,Singh,6337060202,Finance,,GJ,not_started,TechCorp,DGTC
Dinesh,Mehta,9159543440,Support,Executive,KA,active,SellWell,Wipro
Ravi,Singh,6234472830,DevOps,Engineer,MH,active,TechCorp,DGTC
Suresh,Verma,6640722959,Support,Manager,OR,not_started,TechCorp,DGTC
Anjali,Verma,7143401026,,Lead,,terminated,BrightFuture,Zensar
Preeti,Verma,9842342881,HR,,KA,not_started,SellWell,Wipro
Pooja,Reddy,9023112988,IT,,CG,terminated,BrightFuture,LTI
Neha,Jain,7756586782,Finance,Engineer,CG,active,SellWell,Wipro
Neha,Kumar,9797363710,Finance,,CG,terminated,SellWell,Hira Group
Preeti,Jain,8157330248,IT,Engineer,CG,not_started,TechCorp,DGTC
Dinesh,Singh,,HR,Executive,MH,active,GrowMore,Capgemini
Pooja,Mehta,6158063474,IT,Engineer,DL,not_started,TechCorp,DGTC
Neha,Verma,7310929606,DevOps,Analyst,OR,not_started,TechCorp,TCS
Pooja,Kumar,7141085267,HR,Analyst,CG,active,PeopleInc,Infosys
Ravi,Jain,8923649052,HR,Analyst,MH,active,SellWell,Hira Group
Kiran,Mishra,7953255727,Engineering,Executive,KA,terminated,TechCorp,DGTC
Manish,Jain,7424617696,Support,Executive,MH,not_started,SellWell,Hira Group
Suresh,Mishra,7557169018,DevOps,Lead,,not_started,BrightFuture,LTI
Ravi,Kumar,8204849897,Sales,Lead,,not_started,SellWell,Hira Group
Amit,Mishra,8447700530,Engineering,Analyst,CG,terminated,TechCorp,TCS
Nikita,Reddy,6909114567,,Analyst,OR,terminated,TechCorp,DGTC
Manish,Mishra,8056913964,Finance,,KA,not_started,PeopleInc,Infosys
Anjali,Reddy,7591887182,Engineering,,KA,not_started,SellWell,Wipro
Preeti,Mehta,6209665089,DevOps,Engineer,OR,not_started,BrightFuture,Zensar
Raj,Verma,8888133466,Sales,,GJ,terminated,GrowMore,MahindraTech
Nikita,Jain,6395191626,Engineering,,GJ,terminated,PeopleInc,Infosys
Preeti,Reddy,8570618609,Engineering,Manager,DL,active,GrowMore,Capgemini
Anjali,Singh,9549984909,DevOps,Manager,GJ,terminated,TechCorp,DGTC
Suresh,Singh,9164979261,,Lead,OR,not_started,GrowMore,Capgemini
Nikita,Kumar,7406318545,HR,Executive,KA,active,SellWell,Wipro
Manish,Verma,8887084709,Support,Analyst,MH,active,TechCorp,TCS
Pooja,Yadav,6203392873,HR,,CG,active,GrowMore,MahindraTech
Neha,Mehta,8225334755,IT,Engineer,CG,active,TechCorp,DGTC
Dinesh,Yadav,6354148534,Sales,Analyst,KA,active,GrowMore,MahindraTech
Dinesh,Kumar,,Sales,Analyst,DL,not_started,PeopleInc,Infosys
Pooja,Reddy,7894148373,HR,Executive,GJ,active,SellWell,Hira Group
Preeti,Singh,6035007632,,,CG,active,TechCorp,TCS
Pooja,Reddy,6727792103,,Engineer,CG,terminated,SellWell,Hira Group
Manish,Kumar,8221139780,,Analyst,,active,TechCorp,TCS
Raj,Yadav,7688205646,Engineering,,CG,not_started,GrowMore,Capgemini
Amit,Mishra,6469414342,HR,Manager,OR,active,TechCorp,DGTC
Amit,Kumar,8033597353,DevOps,Manager,OR,not_started,PeopleInc,Infosys
Manish,Singh,8540982868,DevOps,Manager,GJ,not_started,PeopleInc,Infosys
Dinesh,Verma,,DevOps,,MH,active,PeopleInc,Infosys
Nikita,Singh,8712981676,DevOps,Executive,CG,active,BrightFuture,LTI
Suresh,Yadav,6681777802,Support,Manager,GJ,terminated,TechCorp,TCS
Manish,Verma,8892892154,Sales,Analyst,,not_started,BrightFuture,LTI
Anjali,Singh,6913320761,Finance,Executive,MH,not_started,TechCorp,DGTC
Neha,Sharma,9341015751,Support,Engineer,,not_started,PeopleInc,CodeNicely
Amit,Sharma,7726022053,Engineering,Analyst,KA,not_started,TechCorp,DGTC
Raj,Verma,7185750758,Support,Lead,DL,not_started,SellWell,Wipro
Suresh,Mishra,7683021537,Support,Manager,GJ,active,TechCorp,TCS
Ravi,Sharma,6985650879,IT,Manager,OR,terminated,SellWell,Wipro
Suresh,Mishra,,Sales,Executive,OR,terminated,GrowMore,MahindraTech
Nikita,Verma,6235939198,Engineering,,DL,active,PeopleInc,Infosys
Manish,Verma,9242263985,Engineering,Manager,CG,active,TechCorp,DGTC
Kiran,Chopra,8390276099,,Engineer,OR,terminated,PeopleInc,CodeNicely
Preeti,Yadav,7048666290,IT,Executive,MH,terminated,BrightFuture,Zensar
Preeti,Mishra,9965203788,Support,Executive,OR,active,PeopleInc,CodeNicely
Manish,Reddy,7067012360,Sales,Engineer,,active,PeopleInc,Infosys
Neha,Singh,,Sales,Engineer,MH,terminated,PeopleInc,Infosys
Kiran,Mehta,6274384945,Engineering,,KA,not_started,PeopleInc,CodeNicely
Raj,Mishra,8001855883,IT,Lead,KA,not_started,TechCorp,TCS
Amit,Jain,6355712237,Support,Manager,GJ,active,TechCorp,TCS
Amit,Sharma,7970634061,,,MH,not_started,BrightFuture,Zensar
Ravi,Reddy,8323910374,Support,Analyst,MH,terminated,PeopleInc,Infosys
Nikita,Mishra,8949936626,Engineering,Analyst,MH,not_started,GrowMore,Capgemini
Amit,Yadav,8058854361,DevOps,Analyst,,active,SellWell,Wipro
Kiran,Mehta,6782247308,Finance,Lead,GJ,terminated,TechCorp,TCS
Dinesh,Yadav,9464925380,Support,Engineer,DL,terminated,GrowMore,MahindraTech
Raj,Verma,9056039057,Sales,Lead,GJ,active,BrightFuture,Zensar
Manish,Singh,8695514299,Finance,Analyst,MH,terminated,SellWell,Wipro
Suresh,Sharma,,IT,,GJ,active,TechCorp,TCS
Amit,Verma,9516901889,IT,Engineer,MH,terminated,GrowMore,Capgemini
Manish,Jain,8919475583,Finance,,CG,active,PeopleInc,Infosys
Dinesh,Sharma,6505559290,Support,,CG,not_started,SellWell,Hira Group
Raj,Sharma,8811151633,IT,,DL,terminated,GrowMore,MahindraTech
Pooja,Chopra,7802008320,HR,Executive,GJ,not_started,BrightFuture,LTI
Manish,Sharma,6230111357,Finance,Analyst,MH,active,SellWell,Hira Group
Amit,Mehta,9382491292,HR,Executive,DL,active,GrowMore,MahindraTech
Anjali,Mehta,8593413555,Support,Executive,GJ,terminated,SellWell,Hira Group
Kiran,Singh,6583685904,Support,Lead,DL,active,SellWell,Wipro
Neha,Sharma,6743180282,DevOps,Analyst,GJ,not_started,GrowMore,Capgemini
Amit,Kumar,7263150502,IT,Executive,KA,active,GrowMore,Capgemini
Kiran,Mehta,7520312072,Support,Executive,GJ,not_started,BrightFuture,LTI
Amit,Mehta,6162046232,Support,Executive,OR,active,GrowMore,Capgemini
Pooja,Sharma,6940743763,IT,Analyst,OR,active,TechCorp,DGTC
Dinesh,Mishra,8935394436,Support,Executive,DL,terminated,TechCorp,DGTC
Anjali,Jain,7842960797,Sales,Lead,CG,active,PeopleInc,CodeNicely
Raj,Reddy,8818904351,IT,,KA,active,SellWell,Wipro
Suresh,Mishra,,DevOps,Lead,,active,GrowMore,Capgemini
Pooja,Sharma,7501869919,Sales,Engineer,MH,active,SellWell,Wipro
Neha,Mehta,8327815995,HR,,CG,not_started,BrightFuture,LTI
Manish,Mehta,8795146301,,Analyst,MH,terminated,BrightFuture,LTI
Kiran,Reddy,8520816680,Engineering,Manager,DL,not_started,TechCorp,DGTC
Anjali,Reddy,7421001802,IT,Lead,MH,terminated,PeopleInc,CodeNicely
Kiran,Mehta,8812820125,IT,Executive,OR,terminated,SellWell,Hira Group
Preeti,Reddy,6353188215,Finance,Executive,CG,terminated,TechCorp,DGTC
Pooja,Chopra,8435020876,Finance,Executive,GJ,active,GrowMore,Capgemini
Manish,Jain,8874891368,HR,Executive,OR,terminated,TechCorp,TCS
Anjali,Jain,8427216344,HR,Manager,,active,GrowMore,MahindraTech
Nikita,Reddy,7973009594,Support,,OR,terminated,SellWell,Wipro
Raj,Singh,6872391117,Engineering,Analyst,,active,PeopleInc,Infosys
